"","group","date","id","behav_code","domain","date2","year","domain_index","behavior_index","others","YEARmatch","group_index","mono_index","groupsize.c","ranklo","rankhi","age.c","male","sociality.s","age","groupsize"
"1","FF","11/13/11 10:42","HK","BRANCH_TAILCARRY","investigative","2011-11-13",2011,2,4,0,2011,3,42,-2.02621722846442,1,0,-5.98642533936652,1,1.61894062784229,2,-2.02621722846442
"2","MK","3/21/11 13:31","BK","BRANCH_TAILCARRY","investigative","2011-03-21",2011,2,4,0,2011,5,8,3.97378277153558,0,1,11.0135746606335,1,1.15791551304505,19,3.97378277153558
"3","MK","3/20/11 11:30","BJ","COORDINATED_SLIDE","investigative","2011-03-20",2011,2,7,0,2011,5,7,3.97378277153558,0,0,-1.98642533936652,1,0.369981680482497,6,3.97378277153558
"4","MK","8/14/11 10:31","BJ","DRUM_BRANCH","investigative","2011-08-14",2011,2,10,0,2011,5,7,-2.02621722846442,0,0,-1.98642533936652,1,0.369981680482497,6,-2.02621722846442
"5","FL","9/20/08 12:15","EV","FROG_PLAY","investigative","2008-09-20",2008,2,22,1,2008,4,31,-7.02621722846442,1,0,-5.98642533936652,1,-0.14971935801621,2,-7.02621722846442
"6","FF","4/3/07 15:09","KT","FRUIT_HOP_ROLL_RETRIEVE","investigative","2007-04-03",2007,2,23,0,2007,3,51,15.9737827715356,0,0,-4.98642533936652,0,0.881300444166709,3,15.9737827715356
"7","AA","3/26/07 12:57","MZ","HANDSTAND_CARTWHEEL","investigative","2007-03-26",2007,2,30,0,2007,1,74,1.97378277153558,1,0,-5.98642533936652,1,1.50997105525385,2,1.97378277153558
"8","FF","6/3/11 11:17","BM","HIND_LEG_BRANCH_WALK","investigative","2011-06-03",2011,2,32,0,2011,3,9,-2.02621722846442,1,0,-5.98642533936652,1,1.57702925376982,2,-2.02621722846442
"9","FF","3/13/07 11:56","KT","HIT_GAME_MANGO","investigative","2007-03-13",2007,2,33,0,2007,3,51,-10.0262172284644,0,0,-4.98642533936652,0,0.881300444166709,3,-10.0262172284644
"10","RR","8/3/08 09:45","RT","INSPECT_DEAD","investigative","2008-08-03",2008,2,41,1,2008,8,96,7.97378277153558,1,0,-3.98642533936652,0,-0.30898257949162,4,7.97378277153558
"11","AA","4/7/09 10:23","NE","JUGGLING/PASSING OBJECTS","investigative","2009-04-07",2009,2,42,1,2009,1,76,3.97378277153558,1,0,-5.98642533936652,0,1.81173294857569,2,3.97378277153558
"12","FF","6/18/08 10:12","TN","JUGGLING/PASSING OBJECTS","investigative","2008-06-18",2008,2,42,0,2008,3,110,-3.02621722846442,1,0,-4.98642533936652,1,0.646596749360841,3,-3.02621722846442
"13","MK","7/25/11 07:38","NH","JUGGLING/PASSING OBJECTS","investigative","2011-07-25",2011,2,42,0,2011,5,77,-2.02621722846442,0,0,-2.98642533936652,1,0.738801772320289,5,-2.02621722846442
"14","RF","1/8/10 09:19","PX","JUGGLING/PASSING OBJECTS","investigative","2010-01-08",2010,2,42,0,2010,7,87,-4.02621722846442,0,0,-4.98642533936652,1,1.4261483071089,3,-4.02621722846442
"15","FF","5/20/08 14:30","TH","MIRROR","investigative","2008-05-20",2008,2,48,1,2008,3,108,-3.02621722846442,1,0,-2.98642533936652,0,-0.686184946143908,5,-3.02621722846442
"16","FF","9/1/07 11:00","LX","MOUTH_ROPE_FEED","investigative","2007-09-01",2007,2,49,0,2007,3,60,-9.02621722846442,1,0,0.0135746606334841,1,-0.0658966098712573,8,-9.02621722846442
"17","MK","7/23/11 14:07","WS","MUD_PUSH","investigative","2011-07-23",2011,2,50,0,2011,5,119,-2.02621722846442,0,0,-4.98642533936652,1,0.990270016755148,3,-2.02621722846442
"18","MK","7/23/11 14:10","BJ","MUD_SLAP","investigative","2011-07-23",2011,2,51,0,2011,5,7,-2.02621722846442,0,0,-1.98642533936652,1,0.369981680482497,6,-2.02621722846442
"19","AA","2/3/11 08:01","DG","OBJECT_PLAY_BOTTLE","investigative","2011-02-03",2011,2,54,0,2011,1,18,6.97378277153558,0,1,-3.98642533936652,1,0.77233087157827,4,6.97378277153558
"20","AA","11/4/07 11:37","OW","OBJECT_PLAY_BUBBLE","investigative","2007-11-04",2007,2,55,0,2007,1,82,1.97378277153558,0,0,-4.98642533936652,1,0.831006795279738,3,1.97378277153558
"21","SP","12/5/11 09:11","AS","OBJECT_PLAY_DOLL","investigative","2011-12-05",2011,2,56,0,2011,9,3,4.97378277153558,1,0,-4.98642533936652,0,-0.459863526152535,3,4.97378277153558
"22","RR","5/18/07 09:02","RU","OBJECT_PLAY_FRUIT_TAP_ROLL_IN_MOUTH","investigative","2007-05-18",2007,2,57,0,2007,8,97,6.97378277153558,0,0,-1.98642533936652,1,0.537627176772403,6,6.97378277153558
"23","AA","7/6/08 13:44","KY","OBJECT_PLAY_FRUIT_TREEHOLE_DUNK","investigative","2008-07-06",2008,2,58,0,2008,1,52,1.97378277153558,0,0,-3.98642533936652,0,-0.652655846885927,4,1.97378277153558
"24","FF","2/16/07 16:07","TN","OBJECT_PLAY_HOTPOTATO","investigative","2007-02-16",2007,2,59,1,2007,3,110,15.9737827715356,1,0,-5.98642533936652,1,1.81173294857569,2,15.9737827715356
"25","MK","5/23/07 09:03","TD","OBJECT_PLAY_HOTPOTATO","investigative","2007-05-23",2007,2,59,0,2007,5,105,-2.02621722846442,0,0,-3.98642533936652,0,0.956740917497167,4,-2.02621722846442
"26","RR","5/15/07 13:10","RU","OBJECT_PLAY_HOTPOTATO","investigative","2007-05-15",2007,2,59,1,2007,8,97,6.97378277153558,0,0,-1.98642533936652,1,0.537627176772403,6,6.97378277153558
"28","MK","8/17/11 13:24","BJ","OBJECT_PLAY_LEAF","investigative","2011-08-17",2011,2,60,0,2011,5,7,-2.02621722846442,0,0,-1.98642533936652,1,0.369981680482497,6,-2.02621722846442
"29","AA","12/18/10 10:49","DG","OBJECT_PLAY_LEAF_HIT","investigative","2010-12-18",2010,2,61,0,2010,1,18,4.97378277153558,0,0,-4.98642533936652,1,0.411893054554974,3,4.97378277153558
"31","RF","6/18/08 12:19","RS","OBJECT_PLAY_LEAFLITTER_PUSHING","investigative","2008-06-18",2008,2,62,1,2008,7,95,-8.02621722846442,1,0,-5.98642533936652,0,0.990270016755148,2,-8.02621722846442
"33","RR","4/5/09 14:55","GS","OBJECT_PLAY_ROCK_MOUTH","investigative","2009-04-05",2009,2,68,0,2009,8,38,7.97378277153558,1,0,-4.98642533936652,1,1.92908479597862,3,7.97378277153558
"34","RR","6/5/10 16:19","PD","OBJECT_PLAY_ROCK","investigative","2010-06-05",2010,2,63,0,2010,8,83,10.9737827715356,0,0,-2.98642533936652,0,1.0740927649001,5,10.9737827715356
"35","CU","5/11/07 13:12","CH","OBJECT_PLAY_ROCK_BITE","investigative","2007-05-11",2007,2,64,0,2007,2,12,-9.02621722846442,0,0,-2.98642533936652,0,-0.686184946143908,5,-9.02621722846442
"36","FL","7/22/09 11:46","EI","OBJECT_PLAY_ROCK_BITE","investigative","2009-07-22",2009,2,64,0,2009,4,28,-9.02621722846442,0,0,-2.98642533936652,0,-1.75073384758481,5,-9.02621722846442
"37","RF","3/23/08 16:15","KT","OBJECT_PLAY_ROCK_CHALK","investigative","2008-03-23",2008,2,65,0,2008,7,51,-8.02621722846442,0,0,-3.98642533936652,0,0.462186703441946,4,-8.02621722846442
"38","AA","5/5/09 12:58","MZ","OBJECT_PLAY_ROCK_DISPLAY","investigative","2009-05-05",2009,2,66,0,2009,1,74,3.97378277153558,0,1,-3.98642533936652,1,0.671743573804327,4,3.97378277153558
"39","FF","7/23/07 14:25","TN","OBJECT_PLAY_ROCK_JUGGLE","investigative","2007-07-23",2007,2,67,0,2007,3,110,15.9737827715356,1,0,-5.98642533936652,1,1.81173294857569,2,15.9737827715356
"40","FF","11/13/08 13:46","TN","OBJECT_PLAY_ROCK_POUND","investigative","2008-11-13",2008,2,69,1,2008,3,110,-3.02621722846442,1,0,-4.98642533936652,1,0.646596749360841,3,-3.02621722846442
"41","RR","3/2/08 12:13","DK","OBJECT_PLAY_ROCK_POUND","investigative","2008-03-02",2008,2,69,0,2008,8,20,7.97378277153558,0,0,-2.98642533936652,1,0.411893054554974,5,7.97378277153558
"43","AA","7/24/11 13:30","VR","OBJECT_PLAY_ROCK_SCRUB","investigative","2011-07-24",2011,2,70,1,2011,1,117,6.97378277153558,0,0,-3.98642533936652,1,0.91482954342469,4,6.97378277153558
"44","SP","11/14/10 11:00","GB","OBJECT_PLAY_STICK_FULCRUM","investigative","2010-11-14",2010,2,71,0,2010,9,34,8.97378277153558,0,1,1.01357466063348,1,-1.31485555723105,9,8.97378277153558
"45","RF","2/19/08 13:30","KT","OBJECT_PLAY_STICK_ROLLINGPIN","investigative","2008-02-19",2008,2,72,0,2008,7,51,-8.02621722846442,0,0,-3.98642533936652,0,0.462186703441946,4,-8.02621722846442
"46","FL","3/18/10 09:52","JU","OBJECT_PLAY_STICK_WRESTLE_ROLL","investigative","2010-03-18",2010,2,73,0,2010,4,46,-10.0262172284644,0,0,-2.98642533936652,1,-0.107807983943734,5,-10.0262172284644
"47","FL","8/3/07 06:31","JA","OBJECT_PLAY_SWING","investigative","2007-08-03",2007,2,74,0,2007,4,44,-6.02621722846442,0,0,-1.98642533936652,1,-0.0491320602422665,6,-6.02621722846442
"48","RR","3/23/07 10:47","WM","OBJECT_PLAY_TREETAG","investigative","2007-03-23",2007,2,75,0,2007,8,118,6.97378277153558,0,0,-2.98642533936652,1,1.00703456638414,5,6.97378277153558
"49","CU","9/5/07 12:39","CH","OBJECT_PLAY_WRESTLE_PLANT","investigative","2007-09-05",2007,2,76,0,2007,2,12,-9.02621722846442,0,0,-2.98642533936652,0,-0.686184946143908,5,-9.02621722846442
"50","CU","9/5/07 08:41","CH","OPEN_PALM_SLAP_STICK","investigative","2007-09-05",2007,2,77,0,2007,2,12,-2.02621722846442,1,0,-2.98642533936652,0,-0.686184946143908,5,-2.02621722846442
"51","FF","4/19/07 09:38","TN","OPEN_PALM_SLAP_STICK","investigative","2007-04-19",2007,2,77,0,2007,3,110,15.9737827715356,1,0,-5.98642533936652,1,1.81173294857569,2,15.9737827715356
"54","RR","3/6/09 14:25","DW","GROOM_PORCUPINE","investigative","2009-03-06",2009,2,24,1,2009,8,25,7.97378277153558,0,0,0.0135746606334841,0,0.084984336789658,8,7.97378277153558
"55","FL","3/17/09 13:05","MX","PLAY_SAND_DIG","investigative","2009-03-17",2009,2,80,0,2009,4,73,-9.02621722846442,1,0,-5.98642533936652,1,1.13276868860157,2,-9.02621722846442
"56","RF","3/25/08 10:14","RS","PLAY_SAND_DIG","investigative","2008-03-25",2008,2,80,1,2008,7,95,-8.02621722846442,1,0,-5.98642533936652,0,0.990270016755148,2,-8.02621722846442
"57","RF","3/25/08 10:14","SY","PLAY_SAND_DIG","investigative","2008-03-25",2008,2,80,1,2008,7,104,-8.02621722846442,0,0,-1.98642533936652,0,-0.904124091320785,6,-8.02621722846442
"58","RF","3/25/08 10:14","ST","PLAY_SAND_DIG","investigative","2008-03-25",2008,2,80,1,2008,7,103,-8.02621722846442,1,0,-5.98642533936652,0,-0.937653190578766,2,-8.02621722846442
"59","RF","3/25/08 10:14","MW","PLAY_SAND_DIG","investigative","2008-03-25",2008,2,80,1,2008,7,72,-8.02621722846442,0,0,-2.98642533936652,0,0.227483008636077,5,-8.02621722846442
"60","SP","11/4/11 12:10","MS","PLAY_SAND_DIG","investigative","2011-11-04",2011,2,80,0,2011,9,70,4.97378277153558,0,1,19.0135746606335,1,-1.08853413723968,27,4.97378277153558
"61","FF","3/3/07 14:16","KT","PLAY_SAND_DIG_JUMP","investigative","2007-03-03",2007,2,81,1,2007,3,51,-10.0262172284644,0,0,-4.98642533936652,0,0.881300444166709,3,-10.0262172284644
"62","AA","7/2/11 12:56","NE","PLAY_SAND_ROLL","investigative","2011-07-02",2011,2,82,0,2011,1,76,6.97378277153558,0,0,-3.98642533936652,0,0.705272673062308,4,6.97378277153558
"63","FF","10/3/11 16:32","BM","PLAY_SAND_ROLL","investigative","2011-10-03",2011,2,82,0,2011,3,9,-2.02621722846442,1,0,-5.98642533936652,1,1.57702925376982,2,-2.02621722846442
"64","FF","4/23/07 10:31","RH","PLAY_SAND_SIFT","investigative","2007-04-23",2007,2,83,0,2007,3,94,-10.0262172284644,0,0,-3.98642533936652,0,0.353217130853507,4,-10.0262172284644
"66","FF","8/3/11 09:29","FE","PLAY_SAND_THROW","investigative","2011-08-03",2011,2,84,0,2011,3,33,-2.02621722846442,1,0,-5.98642533936652,1,0.839389070094233,2,-2.02621722846442
"67","RF","3/16/10 12:43","TW","POUND_METAL","investigative","2010-03-16",2010,2,88,0,2010,7,113,-4.02621722846442,0,1,1.01357466063348,1,0.403510779740478,9,-4.02621722846442
"68","RR","8/6/07 11:21","DW","REELIN_VINE_GAME","investigative","2007-08-06",2007,2,91,0,2007,8,25,6.97378277153558,0,0,-1.98642533936652,0,-0.300600304677125,6,6.97378277153558
"69","FF","5/12/10 15:19","HE","STICK_TOOTHPICK","self-directed","2010-05-12",2010,3,100,0,2010,3,41,-10.0262172284644,0,1,10.0135746606335,1,-2.07764256535012,18,-10.0262172284644
"70","FL","7/3/07 06:54","LT","SWING_STICK","investigative","2007-07-03",2007,2,103,0,2007,4,58,-6.02621722846442,0,0,-4.98642533936652,1,0.939976367868176,3,-6.02621722846442
"71","RR","11/2/07 11:52","GT","TEETERTOTTER_BRANCH_DYADIC","investigative","2007-11-02",2007,2,112,1,2007,8,39,6.97378277153558,1,0,-4.98642533936652,1,1.66085200191477,3,6.97378277153558
"72","RR","11/2/07 11:52","WM","TEETERTOTTER_BRANCH_DYADIC","investigative","2007-11-02",2007,2,112,1,2007,8,118,6.97378277153558,0,0,-2.98642533936652,1,1.00703456638414,5,6.97378277153558
"74","AA","3/6/08 09:08","KY","TREEHOLE_ARMWASH","investigative","2008-03-06",2008,2,117,0,2008,1,52,1.97378277153558,0,0,-3.98642533936652,0,-0.652655846885927,4,1.97378277153558
"75","FF","8/22/08 12:55","PF","TREEHOLE_ARMWASH","investigative","2008-08-22",2008,2,117,0,2008,3,85,-3.02621722846442,0,1,1.01357466063348,1,-0.552068549111983,9,-3.02621722846442
"76","RF","12/11/09 14:31","SY","TREEHOLE_ARMWASH","investigative","2009-12-11",2009,2,117,0,2009,7,104,-6.02621722846442,0,0,-0.986425339366516,0,-0.392805327636573,7,-6.02621722846442
"77","AA","7/9/11 12:57","KY","TREEHOLE_SPLASH","investigative","2011-07-09",2011,2,118,0,2011,1,52,6.97378277153558,0,0,-0.986425339366516,0,-1.0633873127962,7,6.97378277153558
"78","FL","5/20/09 07:34","EI","TREEHOLE_SPLASH","investigative","2009-05-20",2009,2,118,0,2009,4,28,-9.02621722846442,0,0,-2.98642533936652,0,-1.75073384758481,5,-9.02621722846442
"79","MK","7/21/11 10:28","WS","TREEHOLE_SPLASH","investigative","2011-07-21",2011,2,118,1,2011,5,119,-2.02621722846442,0,0,-4.98642533936652,1,0.990270016755148,3,-2.02621722846442
"80","NM","8/18/10 11:50","BJ","TREEHOLE_SPLASH","investigative","2010-08-18",2010,2,118,1,2010,6,7,-5.02621722846442,0,1,-2.98642533936652,1,-0.141337083201715,5,-5.02621722846442
"81","AA","5/6/07 11:19","KY","TURTLE_HANDLE","investigative","2007-05-06",2007,2,121,1,2007,1,52,1.97378277153558,0,0,-4.98642533936652,0,0.101748886418648,3,1.97378277153558
"82","AA","5/6/07 11:19","CA","TURTLE_HANDLE","investigative","2007-05-06",2007,2,121,1,2007,1,10,1.97378277153558,0,0,-0.986425339366516,1,-0.476628075781526,7,1.97378277153558
"84","AA","4/5/09 12:34","BI","WATER_HANG_SPLASH","investigative","2009-04-05",2009,2,124,0,2009,1,6,3.97378277153558,1,0,-5.98642533936652,1,1.58541152858431,2,3.97378277153558
"85","CU","9/5/07 12:39","CH","WATER_JUMP_IN_RIVER","investigative","2007-09-05",2007,2,125,0,2007,2,12,-9.02621722846442,0,0,-2.98642533936652,0,-0.686184946143908,5,-9.02621722846442
"86","AA","4/3/11 13:03","VR","WATER_SPLASH","investigative","2011-04-03",2011,2,126,0,2011,1,117,6.97378277153558,0,0,-3.98642533936652,1,0.91482954342469,4,6.97378277153558
"87","FL","7/23/08 10:44","JA","WATER_SWING","investigative","2008-07-23",2008,2,127,1,2008,4,44,-7.02621722846442,0,0,-0.986425339366516,1,-0.644273572071431,7,-7.02621722846442
"88","FL","10/13/07 12:58","LT","AU_LEAFSCRUB","foraging","2007-10-13",2007,1,2,1,2007,4,58,-6.02621722846442,0,0,-4.98642533936652,1,0.939976367868176,3,-6.02621722846442
"89","NM","6/20/08 10:37","SM","AU_LEAFSCRUB","foraging","2008-06-20",2008,1,2,1,2008,6,101,-3.02621722846442,0,1,2.01357466063348,1,-0.778389969103356,10,-3.02621722846442
"91","RR","3/25/09 10:11","PD","FISH_HUNT","foraging","2009-03-25",2009,1,16,0,2009,8,83,7.97378277153558,0,0,-3.98642533936652,0,0.889682718981205,4,7.97378277153558
"92","FL","6/22/08 12:19","TU","HOTPOTATO_SQUIRREL","foraging","2008-06-22",2008,1,36,0,2008,4,112,-7.02621722846442,0,0,-0.986425339366516,1,-0.476628075781526,7,-7.02621722846442
"93","FF","5/21/11 15:37","AM","LEAFSCRUB_FRUIT","foraging","2011-05-21",2011,1,43,0,2011,3,1,-2.02621722846442,0,0,29.0135746606335,0,-2.22014123719654,37,-2.02621722846442
"94","FF","4/17/07 08:32","KT","POUNCE_FRUIT","foraging","2007-04-17",2007,1,85,0,2007,3,51,15.9737827715356,0,0,-4.98642533936652,0,0.881300444166709,3,15.9737827715356
"95","RR","3/4/07 16:51","DW","POUNCE_FRUIT","foraging","2007-03-04",2007,1,85,0,2007,8,25,6.97378277153558,0,0,-1.98642533936652,0,-0.300600304677125,6,6.97378277153558
"96","FF","5/25/11 16:23","KD","POUND_AC_STICK","foraging","2011-05-25",2011,1,86,0,2011,3,47,-2.02621722846442,0,0,-4.98642533936652,1,1.12438641378707,3,-2.02621722846442
"97","RR","3/2/10 14:16","GT","POUND_LC_IN_DISH","foraging","2010-03-02",2010,1,87,0,2010,8,39,10.9737827715356,0,0,-1.98642533936652,1,0.302923481966535,6,10.9737827715356
"98","FF","3/14/07 13:57","KT","POUND-SCRUB_TERMITENEST","foraging","2007-03-14",2007,1,89,0,2007,3,51,15.9737827715356,0,0,-4.98642533936652,0,0.881300444166709,3,15.9737827715356
"99","FL","7/26/08 05:39","MI","REELIN","foraging","2008-07-26",2008,1,90,1,2008,4,65,-7.02621722846442,0,1,3.01357466063348,0,0.395128504925983,11,-7.02621722846442
"100","NM","8/18/10 10:40","BJ","REELIN","foraging","2010-08-18",2010,1,90,0,2010,6,7,-5.02621722846442,0,1,-2.98642533936652,1,-0.141337083201715,5,-5.02621722846442
"101","SP","5/13/10 15:18","KG","REELIN","foraging","2010-05-13",2010,1,90,0,2010,9,49,8.97378277153558,0,0,-3.98642533936652,1,-0.0575143350567619,4,8.97378277153558
"102","RF","5/20/08 14:31","LX","SLAP_COATI","foraging","2008-05-20",2008,1,97,0,2008,7,60,-8.02621722846442,0,1,1.01357466063348,1,-0.979564564651242,9,-8.02621722846442
"103","FF","6/24/07 12:36","RH","SPONGE","foraging","2007-06-24",2007,1,99,0,2007,3,94,15.9737827715356,1,0,-3.98642533936652,0,0.353217130853507,4,15.9737827715356
"104","RR","8/4/07 16:13","RT","SPONGE","foraging","2007-08-04",2007,1,99,0,2007,8,96,6.97378277153558,1,0,-4.98642533936652,0,0.0263084130881909,3,6.97378277153558
"105","FL","9/21/11 09:44","ME","TAILCAPTURE_WASPNEST","foraging","2011-09-21",2011,1,106,0,2011,4,64,-6.02621722846442,0,1,4.01357466063348,0,-0.00722068616979012,12,-6.02621722846442
"106","SP","5/3/10 08:30","TG","TAILDIP_RIO","foraging","2010-05-03",2010,1,108,0,2010,9,107,8.97378277153558,1,0,-4.98642533936652,0,-0.434716701709049,3,8.97378277153558
"107","NM","2/12/10 08:19","MJ","TAILDIP_TREEHOLE","foraging","2010-02-12",2010,1,109,0,2010,6,66,-5.02621722846442,0,0,-0.986425339366516,0,-1.17235688538463,7,-5.02621722846442
"108","FL","6/20/11 15:12","JU","TREEHOLEDIP-SCRUB-POUND_SQUIRREL","foraging","2011-06-20",2011,1,119,0,2011,4,46,-6.02621722846442,0,0,-1.98642533936652,1,-0.300600304677125,6,-6.02621722846442
"109","FF","11/10/08 10:47","PF","WASH_FOOD","foraging","2008-11-10",2008,1,123,0,2008,3,85,-3.02621722846442,0,1,1.01357466063348,1,-0.552068549111983,9,-3.02621722846442
"110","SP","1/2/10 14:27","GB","FIST_NOSE_RUB_SNEEZE","self-directed","2010-01-02",2010,3,17,1,2010,9,34,8.97378277153558,0,1,1.01357466063348,1,-1.31485555723105,9,8.97378277153558
"111","AA","7/2/08 11:03","KY","FLOSS_STICK","self-directed","2008-07-02",2008,3,18,0,2008,1,52,1.97378277153558,0,0,-3.98642533936652,0,-0.652655846885927,4,1.97378277153558
"112","NM","2/4/10 15:28","BJ","FLOSS_STICK","self-directed","2010-02-04",2010,3,18,0,2010,6,7,-5.02621722846442,0,1,-2.98642533936652,1,-0.141337083201715,5,-5.02621722846442
"113","FF","8/22/08 09:01","LX","FLOSS_VINE","self-directed","2008-08-22",2008,3,19,1,2008,3,60,-13.0262172284644,0,0,1.01357466063348,1,-0.979564564651242,9,-13.0262172284644
"114","CU","1/14/09 00:00","CU","HOLD_BODY_PART","self-directed","2009-01-14",2009,3,34,1,2009,2,16,-19.0262172284644,0,1,13.0135746606335,0,-0.0742788846857521,21,-19.0262172284644
"115","RF","7/19/08 09:54","RH","MASTURBATE_SOLO_BRANCH","self-directed","2008-07-19",2008,3,46,0,2008,7,94,-8.02621722846442,0,0,-2.98642533936652,0,-0.862212717248309,5,-8.02621722846442
"116","FF","6/25/07 05:54","TH","MASTURBATE_SOLO_OWNTAIL","self-directed","2007-06-25",2007,3,47,0,2007,3,108,15.9737827715356,1,0,-3.98642533936652,0,-0.334129403935106,4,15.9737827715356
"117","RR","1/18/07 08:34","DW","SELF_EYEPOKE","self-directed","2007-01-18",2007,3,94,1,2007,8,25,6.97378277153558,0,0,-1.98642533936652,0,-0.300600304677125,6,6.97378277153558
"118","SP","4/12/09 13:35","LU","SELF_EYEPOKE","self-directed","2009-04-12",2009,3,94,1,2009,9,59,-0.026217228464418,0,0,-1.98642533936652,0,-0.996329114280233,6,-0.026217228464418
"119","AA","7/2/08 11:03","KY","TOOTH_BRANCHSCRAPE","self-directed","2008-07-02",2008,3,115,0,2008,1,52,1.97378277153558,0,0,-3.98642533936652,0,-0.652655846885927,4,1.97378277153558
"120","RR","4/15/08 13:33","DR","TOOTH_BRANCHSCRAPE","self-directed","2008-04-15",2008,3,115,0,2008,8,23,-3.02621722846442,0,0,-2.98642533936652,0,-0.0658966098712573,5,-3.02621722846442
"122","RR","1/16/07 08:23","SR","TWIG_TRIM","self-directed","2007-01-16",2007,3,122,1,2007,8,102,6.97378277153558,0,0,-3.98642533936652,1,0.990270016755148,4,6.97378277153558
"123","FL","7/24/07 07:35","NP","AGG_CIRCLE_JUMP","social","2007-07-24",2007,4,1,0,2007,4,78,-6.02621722846442,0,1,7.01357466063348,1,-1.11368096168317,15,-6.02621722846442
"124","NM","3/21/10 12:41","BJ","BOUNCE_DOUBLEHANDHIT_MONKEY","social","2010-03-21",2010,4,3,0,2010,6,7,-5.02621722846442,0,1,-2.98642533936652,1,-0.141337083201715,5,-5.02621722846442
"125","NM","3/21/10 12:41","PY","BOUNCE_DOUBLEHANDHIT_MONKEY","social","2010-03-21",2010,4,3,0,2010,6,88,-5.02621722846442,0,0,-0.986425339366516,0,-0.870594992062803,7,-5.02621722846442
"126","RR","1/5/08 12:52","SK","BOUNCE_DOUBLEHANDHIT_MONKEY","social","2008-01-05",2008,4,3,0,2008,8,100,7.97378277153558,0,1,2.01357466063348,1,-0.501774900225011,10,7.97378277153558
"127","RR","1/5/08 12:52","GE","BOUNCE_DOUBLEHANDHIT_MONKEY","social","2008-01-05",2008,4,3,0,2008,8,35,7.97378277153558,0,1,2.01357466063348,0,1.51835333006835,10,7.97378277153558
"128","NM","3/21/11 11:05","OC","CALMING","social","2011-03-21",2011,4,5,0,2011,6,79,3.97378277153558,0,1,8.01357466063348,1,0.478951253070936,16,3.97378277153558
"129","NM","3/21/11 11:05","LH","CALMING","social","2011-03-21",2011,4,5,0,2011,6,55,-2.02621722846442,1,0,-5.98642533936652,1,1.40938375747991,2,-2.02621722846442
"130","FF","4/8/10 09:49","KD","CARTWHEEL_FACESLAP_FACEKICK","social","2010-04-08",2010,4,6,0,2010,3,47,-3.02621722846442,1,0,-5.98642533936652,1,0.831006795279738,2,-3.02621722846442
"132","CU","2/14/09 11:11","PW","DENTAL_EXAM","social","2009-02-14",2009,4,8,1,2009,2,86,-19.0262172284644,0,1,8.01357466063348,1,-1.0633873127962,16,-19.0262172284644
"133","MK","11/28/08 10:53","DY","DENTAL_EXAM","social","2008-11-28",2008,4,8,1,2008,5,26,-9.02621722846442,1,0,-4.98642533936652,1,1.59379380339881,3,-9.02621722846442
"134","MK","11/28/08 10:53","UK","DENTAL_EXAM","social","2008-11-28",2008,4,8,1,2008,5,115,-9.02621722846442,0,0,-3.98642533936652,1,1.51835333006835,4,-9.02621722846442
"135","NM","3/17/11 12:46","NAO","DENTAL_EXAM","social","2011-03-17",2011,4,8,1,2011,6,75,3.97378277153558,0,0,-3.98642533936652,0,0.587920825659375,4,3.97378277153558
"136","NM","3/17/11 12:46","TP","DENTAL_EXAM","social","2011-03-17",2011,4,8,1,2011,6,111,3.97378277153558,0,1,0.0135746606334841,1,0.328070306410021,8,3.97378277153558
"138","RF","5/17/08 12:20","TW","DENTAL_EXAM","social","2008-05-17",2008,4,8,1,2008,7,113,-8.02621722846442,0,0,-0.986425339366516,1,-0.0323675106132757,7,-8.02621722846442
"139","SP","4/10/10 16:28","KG","DENTAL_EXAM","social","2010-04-10",2010,4,8,1,2010,9,49,8.97378277153558,0,0,-3.98642533936652,1,-0.0575143350567619,4,8.97378277153558
"140","SP","4/10/10 16:28","LZ","DENTAL_EXAM","social","2010-04-10",2010,4,8,1,2010,9,61,8.97378277153558,0,0,-3.98642533936652,1,0.31130575678103,4,8.97378277153558
"142","RF","5/17/09 17:32","PX","DIVE_VINETANGLE","social","2009-05-17",2009,4,9,1,2009,7,87,-6.02621722846442,1,0,-5.98642533936652,1,1.15791551304505,2,-6.02621722846442
"143","RF","5/17/09 17:32","AO","DIVE_VINETANGLE","social","2009-05-17",2009,4,9,1,2009,7,2,-6.02621722846442,0,1,0.0135746606334841,1,-0.878977266877299,8,-6.02621722846442
"144","RR","3/25/09 13:08","BE","DRUMROLL","social","2009-03-25",2009,4,11,0,2009,8,5,3.97378277153558,0,0,9.01357466063348,1,-1.69205792388334,17,3.97378277153558
"145","RR","3/25/09 13:08","TK","DRUMROLL","social","2009-03-25",2009,4,11,0,2009,8,109,7.97378277153558,0,0,10.0135746606335,1,-1.30647328241656,18,7.97378277153558
"146","RR","2/22/09 07:10","YA","EAT EARWAX","social","2009-02-22",2009,4,12,0,2009,8,122,7.97378277153558,0,1,0.0135746606334841,1,-0.417952152080059,8,7.97378277153558
"147","RR","2/22/09 07:10","TK","EAT EARWAX","social","2009-02-22",2009,4,12,0,2009,8,109,7.97378277153558,0,0,10.0135746606335,1,-1.30647328241656,18,7.97378277153558
"148","SP","4/12/09 09:11","FA","EYEPOKE","social","2009-04-12",2009,4,13,1,2009,9,32,-0.026217228464418,0,1,0.0135746606334841,0,-0.619126747627945,8,-0.026217228464418
"149","SP","4/12/09 09:11","YH","EYEPOKE","social","2009-04-12",2009,4,13,1,2009,9,124,-0.026217228464418,0,0,-2.98642533936652,1,1.71952792561624,5,-0.026217228464418
"150","FL","2/20/07 15:44","QJ","FACE_LICK","social","2007-02-20",2007,4,14,0,2007,4,89,-6.02621722846442,0,1,3.01357466063348,1,-0.677802671329412,11,-6.02621722846442
"151","FL","2/20/07 15:44","TU","FACE_LICK","social","2007-02-20",2007,4,14,0,2007,4,112,-6.02621722846442,0,0,-1.98642533936652,1,-0.317364854306116,6,-6.02621722846442
"152","NM","5/2/11 11:28","NH","FIM_GAME","social","2011-05-02",2011,4,15,1,2011,6,77,3.97378277153558,1,0,-2.98642533936652,1,0.738801772320289,5,3.97378277153558
"153","NM","5/2/11 11:28","LH","FIM_GAME","social","2011-05-02",2011,4,15,1,2011,6,55,-2.02621722846442,1,0,-5.98642533936652,1,1.40938375747991,2,-2.02621722846442
"154","RF","4/17/08 17:11","OT","FIM_GAME","social","2008-04-17",2008,4,15,0,2008,7,81,-8.02621722846442,1,0,-5.98642533936652,0,0.906447268610195,2,-8.02621722846442
"155","RF","4/17/08 17:11","KT","FIM_GAME","social","2008-04-17",2008,4,15,0,2008,7,51,-8.02621722846442,0,0,-3.98642533936652,0,0.462186703441946,4,-8.02621722846442
"156","RR","2/11/08 09:07","YA","FIM_GAME","social","2008-02-11",2008,4,15,1,2008,8,122,7.97378277153558,0,0,-0.986425339366516,1,-0.0826611595002475,7,7.97378277153558
"157","RR","2/11/08 09:07","SR","FIM_GAME","social","2008-02-11",2008,4,15,1,2008,8,102,7.97378277153558,0,0,-2.98642533936652,1,1.00703456638414,5,7.97378277153558
"160","NM","2/21/11 12:59","LL","FOOT BRANCH SHAKE","social","2011-02-21",2011,4,20,0,2011,6,56,3.97378277153558,0,1,16.0135746606335,0,0.948358642682671,24,3.97378277153558
"161","FF","6/16/08 10:19","DN","FOOT_GRAB_TAIL_SEX_DEMAND","social","2008-06-16",2008,4,21,0,2008,3,22,-3.02621722846442,0,1,15.0135746606335,0,0.847771344908728,23,-3.02621722846442
"162","FF","6/16/08 10:19","CD","FOOT_GRAB_TAIL_SEX_DEMAND","social","2008-06-16",2008,4,21,0,2008,3,11,-3.02621722846442,0,0,-1.98642533936652,0,0.805859970836252,6,-3.02621722846442
"163","RR","9/4/07 09:14","RU","HAIRGAME","social","2007-09-04",2007,4,25,1,2007,8,97,6.97378277153558,0,0,-1.98642533936652,1,0.537627176772403,6,6.97378277153558
"164","RR","9/4/07 09:14","WM","HAIRGAME","social","2007-09-04",2007,4,25,1,2007,8,118,6.97378277153558,0,0,-2.98642533936652,1,1.00703456638414,5,6.97378277153558
"165","RR","5/5/10 08:15","MB","HAND_PULL","social","2010-05-05",2010,4,26,0,2010,8,63,10.9737827715356,0,1,1.01357466063348,0,0.789095421207261,9,10.9737827715356
"167","FF","12/3/09 12:36","CN","HANDBITE_HUG","social","2009-12-03",2009,4,27,0,2009,3,14,-4.02621722846442,0,1,21.0135746606335,1,-0.862212717248309,29,-4.02621722846442
"168","FF","12/3/09 12:36","OD","HANDBITE_HUG","social","2009-12-03",2009,4,27,0,2009,3,80,-4.02621722846442,0,1,5.01357466063348,1,0.378363955296993,13,-4.02621722846442
"169","CU","2/19/11 11:20","CS","HANDSNIFF","social","2011-02-19",2011,4,28,0,2011,2,15,-13.0262172284644,0,1,3.01357466063348,0,1.04056366564212,11,-13.0262172284644
"170","CU","2/19/11 11:20","CH","HANDSNIFF","social","2011-02-19",2011,4,28,0,2011,2,12,-13.0262172284644,0,0,1.01357466063348,0,0.378363955296993,9,-13.0262172284644
"171","MK","12/2/08 11:43","OC","HANDSNIFF","social","2008-12-02",2008,4,28,0,2008,5,79,-9.02621722846442,0,1,5.01357466063348,1,-0.878977266877299,13,-9.02621722846442
"172","MK","12/2/08 11:43","WW","HANDSNIFF","social","2008-12-02",2008,4,28,0,2008,5,120,-9.02621722846442,0,0,9.01357466063348,0,0.91482954342469,17,-9.02621722846442
"173","NM","1/21/11 09:46","LL","HANDSNIFF","social","2011-01-21",2011,4,28,0,2011,6,56,3.97378277153558,0,1,16.0135746606335,0,0.948358642682671,24,3.97378277153558
"174","NM","1/21/11 09:46","GL","HANDSNIFF","social","2011-01-21",2011,4,28,0,2011,6,37,3.97378277153558,0,0,3.01357466063348,0,0.654979024175337,11,3.97378277153558
"175","SP","4/12/09 09:11","FA","HANDSNIFF","social","2009-04-12",2009,4,28,1,2009,9,32,-0.026217228464418,0,1,0.0135746606334841,0,-0.619126747627945,8,-0.026217228464418
"176","SP","4/12/09 09:11","YH","HANDSNIFF","social","2009-04-12",2009,4,28,1,2009,9,124,-0.026217228464418,0,0,-2.98642533936652,1,1.71952792561624,5,-0.026217228464418
"177","FL","2/20/07 12:04","MI","HANDSNIFF_HANDRUB","social","2007-02-20",2007,4,29,0,2007,4,65,-6.02621722846442,0,1,2.01357466063348,0,0.0933666116041534,10,-6.02621722846442
"178","FL","2/20/07 12:04","ME","HANDSNIFF_HANDRUB","social","2007-02-20",2007,4,29,0,2007,4,64,-6.02621722846442,0,0,0.0135746606334841,0,0.462186703441946,8,-6.02621722846442
"179","RF","7/12/11 09:03","PX","HEAD BUMPING","social","2011-07-12",2011,4,31,0,2011,7,87,-1.02621722846442,0,0,-3.98642533936652,1,1.20820916193202,4,-1.02621722846442
"180","RF","7/12/11 09:03","RE","HEAD BUMPING","social","2011-07-12",2011,4,31,0,2011,7,92,-1.02621722846442,0,0,-4.98642533936652,1,1.00703456638414,3,-1.02621722846442
"181","NM","11/2/11 13:01","UK","HOLD_MOUTH","social","2011-11-02",2011,4,35,0,2011,6,115,-2.02621722846442,0,1,-0.986425339366516,1,0.512480352328917,7,-2.02621722846442
"182","NM","11/2/11 13:01","ER","HOLD_MOUTH","social","2011-11-02",2011,4,35,0,2011,6,30,3.97378277153558,1,0,-5.98642533936652,1,1.70276337598725,2,3.97378277153558
"183","RR","4/15/10 08:16","MO","HUG_BEHIND_COVER_FACE_FIM","social","2010-04-15",2010,4,37,0,2010,8,68,10.9737827715356,0,1,10.0135746606335,1,0.763948596763776,18,10.9737827715356
"184","RR","4/15/10 08:16","MA","HUG_BEHIND_COVER_FACE_FIM","social","2010-04-15",2010,4,37,0,2010,8,62,10.9737827715356,0,1,24.0135746606335,0,0.663361298989832,32,10.9737827715356
"185","RR","4/15/10 08:16","MO","SELF_TAILSUCK_SOCIAL","social","2010-04-15",2010,4,95,0,2010,8,68,10.9737827715356,0,1,10.0135746606335,1,0.763948596763776,18,10.9737827715356
"186","RR","4/15/10 08:16","MA","SELF_TAILSUCK_SOCIAL","social","2010-04-15",2010,4,95,0,2010,8,62,10.9737827715356,0,1,24.0135746606335,0,0.663361298989832,32,10.9737827715356
"187","RR","5/12/09 10:30","SR","HUG_DRAG_FROM_BEHIND","social","2009-05-12",2009,4,38,0,2009,8,102,7.97378277153558,0,0,-1.98642533936652,1,0.91482954342469,6,7.97378277153558
"188","RR","5/12/09 10:30","RT","HUG_DRAG_FROM_BEHIND","social","2009-05-12",2009,4,38,0,2009,8,96,7.97378277153558,1,0,-2.98642533936652,0,-0.585597648369964,5,7.97378277153558
"189","SP","11/4/11 14:48","GB","LICK_HEAD","social","2011-11-04",2011,4,44,0,2011,9,34,4.97378277153558,0,1,2.01357466063348,1,-1.01309366390922,10,4.97378277153558
"190","SP","11/4/11 14:48","GU","LICK_HEAD","social","2011-11-04",2011,4,44,0,2011,9,40,4.97378277153558,0,1,1.01357466063348,1,-0.761625419474365,9,4.97378277153558
"191","NM","3/21/11 08:34","MJ","MASTURBATE_SOCIAL_PARTNER TAIL","social","2011-03-21",2011,4,45,0,2011,6,66,3.97378277153558,0,0,0.0135746606334841,0,-0.14971935801621,8,3.97378277153558
"192","RF","3/23/08 09:59","RH","MASTURBATE_SOCIAL_PARTNER TAIL","social","2008-03-23",2008,4,45,1,2008,7,94,-8.02621722846442,0,0,-2.98642533936652,0,-0.862212717248309,5,-8.02621722846442
"193","FL","6/21/11 07:38","EI","NURSE INVITE","social","2011-06-21",2011,4,52,0,2011,4,28,-6.02621722846442,0,0,-0.986425339366516,0,-1.35676693130353,7,-6.02621722846442
"195","FF","2/7/09 12:28","TH","NURSE_PREVENT_ARM_SQUEEZE","social","2009-02-07",2009,4,53,0,2009,3,108,-4.02621722846442,0,0,-1.98642533936652,0,-1.39029603056151,6,-4.02621722846442
"197","AA","8/5/08 08:16","DD","PARTNER_BODY_DISPLAYTOOL_BITE","social","2008-08-05",2008,4,78,0,2008,1,17,1.97378277153558,0,1,13.0135746606335,0,0.814242245650747,21,1.97378277153558
"198","NM","1/3/11 10:51","LL","PARTNER_BODY_DISPLAYTOOL_BITE","social","2011-01-03",2011,4,78,0,2011,6,56,3.97378277153558,0,1,16.0135746606335,0,0.948358642682671,24,3.97378277153558
"199","NM","1/21/11 07:50","LL","PARTNER_BODY_DISPLAYTOOL_SHAKE","social","2011-01-21",2011,4,79,0,2011,6,56,3.97378277153558,0,1,16.0135746606335,0,0.948358642682671,24,3.97378277153558
"200","RR","3/25/09 13:08","BE","RUB_ARM","social","2009-03-25",2009,4,92,0,2009,8,5,3.97378277153558,0,0,9.01357466063348,1,-1.69205792388334,17,3.97378277153558
"201","RR","3/25/09 13:08","TK","RUB_ARM","social","2009-03-25",2009,4,92,0,2009,8,109,7.97378277153558,0,0,10.0135746606335,1,-1.30647328241656,18,7.97378277153558
"202","RR","1/21/11 13:16","BE","SCRATCH_USING_PARTNER_HAND","social","2011-01-21",2011,4,93,0,2011,8,5,2.97378277153558,0,1,11.0135746606335,1,-0.996329114280233,19,2.97378277153558
"203","RR","1/21/11 13:16","YC","SCRATCH_USING_PARTNER_HAND","social","2011-01-21",2011,4,93,0,2011,8,123,2.97378277153558,0,1,-0.986425339366516,1,0.738801772320289,7,2.97378277153558
"204","RR","5/13/09 10:02","GT","SHARE_FOOD","social","2009-05-13",2009,4,96,0,2009,8,39,7.97378277153558,0,0,-2.98642533936652,1,1.09085731452909,5,7.97378277153558
"205","RR","5/13/09 10:02","SK","SHARE_FOOD","social","2009-05-13",2009,4,96,0,2009,8,100,7.97378277153558,0,1,3.01357466063348,1,-0.635891297256936,11,7.97378277153558
"206","RR","8/6/09 11:31","BE","SLOBBER_SPINE","social","2009-08-06",2009,4,98,0,2009,8,5,3.97378277153558,0,0,9.01357466063348,1,-1.69205792388334,17,3.97378277153558
"207","RR","8/6/09 11:31","TK","SLOBBER_SPINE","social","2009-08-06",2009,4,98,0,2009,8,109,7.97378277153558,0,0,10.0135746606335,1,-1.30647328241656,18,7.97378277153558
"208","CU","11/6/11 11:09","RW","SUCK_BODY_PART","social","2011-11-06",2011,4,101,1,2011,2,98,-13.0262172284644,1,0,-5.98642533936652,0,1.34232555896395,2,-13.0262172284644
"209","MK","11/18/11 09:56","LH","SUCK_BODY_PART","social","2011-11-18",2011,4,101,0,2011,5,55,-2.02621722846442,1,0,-5.98642533936652,1,1.40938375747991,2,-2.02621722846442
"211","NM","2/15/11 11:59","GL","SUCK_BODY_PART","social","2011-02-15",2011,4,101,0,2011,6,37,3.97378277153558,0,0,3.01357466063348,0,0.654979024175337,11,3.97378277153558
"212","NM","2/15/11 11:59","LL","SUCK_BODY_PART","social","2011-02-15",2011,4,101,0,2011,6,56,3.97378277153558,0,1,16.0135746606335,0,0.948358642682671,24,3.97378277153558
"213","SP","9/4/09 11:42","TX","SUCK_BODY_PART","social","2009-09-04",2009,4,101,1,2009,9,114,-0.026217228464418,0,0,1.01357466063348,0,-0.568833098740974,9,-0.026217228464418
"214","SP","9/4/09 11:42","KK","SUCK_BODY_PART","social","2009-09-04",2009,4,101,1,2009,9,50,-0.026217228464418,0,1,23.0135746606335,0,0.29454120715204,31,-0.026217228464418
"217","FF","3/18/11 08:05","OD","SWING HEAD WHACK","social","2011-03-18",2011,4,102,0,2011,3,80,-2.02621722846442,0,1,7.01357466063348,1,0.629832199731851,15,-2.02621722846442
"218","RR","6/7/11 13:41","BE","TAIL NIPS","social","2011-06-07",2011,4,104,0,2011,8,5,2.97378277153558,0,1,11.0135746606335,1,-0.996329114280233,19,2.97378277153558
"219","RR","6/7/11 13:41","TK","TAIL NIPS","social","2011-06-07",2011,4,104,0,2011,8,109,2.97378277153558,0,1,12.0135746606335,1,-1.56632380166591,20,2.97378277153558
"220","MK","3/23/10 14:33","BK","TAIL-MOUTH-SPIN","social","2010-03-23",2010,4,105,0,2010,5,8,-7.02621722846442,0,1,10.0135746606335,1,1.0740927649001,18,-7.02621722846442
"221","FF","4/8/10 14:18","OD","TAILCHEW_FACEKICK","social","2010-04-08",2010,4,107,0,2010,3,80,-3.02621722846442,0,1,6.01357466063348,1,-0.61074447281345,14,-3.02621722846442
"222","FF","4/8/10 14:18","PF","TAILCHEW_FACEKICK","social","2010-04-08",2010,4,107,0,2010,3,85,-3.02621722846442,0,1,3.01357466063348,1,-1.57470607648041,11,-3.02621722846442
"223","MK","9/12/07 05:50","BK","TAILPULL_SEX_INITIATE","social","2007-09-12",2007,4,110,0,2007,5,8,-2.02621722846442,0,1,7.01357466063348,1,3.018780521863,15,-2.02621722846442
"224","MK","9/12/07 05:50","DH","TAILPULL_SEX_INITIATE","social","2007-09-12",2007,4,110,0,2007,5,19,-2.02621722846442,0,1,17.0135746606335,0,1.10762186415808,25,-2.02621722846442
"226","RR","10/7/08 10:27","RY","TAP_PLAYWRESTLE","social","2008-10-07",2008,4,111,0,2008,8,99,7.97378277153558,0,0,24.0135746606335,0,-1.5830883512949,32,7.97378277153558
"227","FL","7/26/07 11:18","TU","THROW_JUGGLE_MONKEY","social","2007-07-26",2007,4,113,0,2007,4,112,-6.02621722846442,0,0,-1.98642533936652,1,-0.317364854306116,6,-6.02621722846442
"229","RR","2/4/08 11:42","GT","TONGUEKISS","social","2008-02-04",2008,4,114,0,2008,8,39,7.97378277153558,0,0,-3.98642533936652,1,1.56026470414083,4,7.97378277153558
"230","RR","2/4/08 11:42","RG","TONGUEKISS","social","2008-02-04",2008,4,114,0,2008,8,93,7.97378277153558,1,0,-5.98642533936652,1,1.66923427672927,2,7.97378277153558
"231","SP","4/10/10 16:28","KG","TONGUEKISS","social","2010-04-10",2010,4,114,0,2010,9,49,8.97378277153558,0,0,-3.98642533936652,1,-0.0575143350567619,4,8.97378277153558
"232","SP","4/10/10 16:28","LZ","TONGUEKISS","social","2010-04-10",2010,4,114,0,2010,9,61,8.97378277153558,0,0,-3.98642533936652,1,0.31130575678103,4,8.97378277153558
"233","NM","1/14/10 13:21","BJ","TOYGAME","social","2010-01-14",2010,4,116,1,2010,6,7,-5.02621722846442,0,1,-2.98642533936652,1,-0.141337083201715,5,-5.02621722846442
"234","NM","1/14/10 13:21","NH","TOYGAME","social","2010-01-14",2010,4,116,1,2010,6,77,-5.02621722846442,0,0,-3.98642533936652,1,-0.107807983943734,4,-5.02621722846442
"235","FF","5/16/09 08:41","CI","TUGOWAR","social","2009-05-16",2009,4,120,0,2009,3,13,-4.02621722846442,1,0,-5.98642533936652,0,1.6105583530278,2,-4.02621722846442
"237","FL","6/17/10 10:49","ML","TUGOWAR","social","2010-06-17",2010,4,120,0,2010,4,67,-10.0262172284644,0,0,-2.98642533936652,1,-0.0323675106132757,5,-10.0262172284644
"238","FL","6/17/10 10:49","MX","TUGOWAR","social","2010-06-17",2010,4,120,0,2010,4,73,-10.0262172284644,1,0,-4.98642533936652,1,0.797477696021757,3,-10.0262172284644
"239","NM","12/6/11 10:58","MP","TUGOWAR","social","2011-12-06",2011,4,120,0,2011,6,69,-2.02621722846442,1,0,-5.98642533936652,1,2.08834801745403,2,-2.02621722846442
"240","NM","12/6/11 10:58","NAO","TUGOWAR","social","2011-12-06",2011,4,120,0,2011,6,75,3.97378277153558,0,0,-3.98642533936652,0,0.587920825659375,4,3.97378277153558
"241","RF","4/22/09 12:51","RS","TUGOWAR","social","2009-04-22",2009,4,120,0,2009,7,95,-6.02621722846442,0,0,-4.98642533936652,0,0.931594093053681,3,-6.02621722846442
"242","RF","4/22/09 12:51","PX","TUGOWAR","social","2009-04-22",2009,4,120,0,2009,7,87,-6.02621722846442,1,0,-5.98642533936652,1,1.15791551304505,2,-6.02621722846442
"243","SP","6/12/10 11:02","LB","TUGOWAR","social","2010-06-12",2010,4,120,0,2010,9,54,8.97378277153558,1,0,-5.98642533936652,1,0.470568978256441,2,8.97378277153558
"244","SP","6/12/10 11:02","LZ","TUGOWAR","social","2010-06-12",2010,4,120,0,2010,9,61,8.97378277153558,0,0,-3.98642533936652,1,0.31130575678103,4,8.97378277153558
"245","AA","4/5/09 12:35","KY","INFANT_RETRIEVE_GAME","social","2009-04-05",2009,4,39,0,2009,1,52,3.97378277153558,0,0,-2.98642533936652,0,-1.01309366390922,5,3.97378277153558
"248","RF","11/13/09 08:46","KT","INFANT_RIDE_FAKEOUT","social","2009-11-13",2009,4,40,0,2009,7,51,-6.02621722846442,0,0,-2.98642533936652,0,0.353217130853507,5,-6.02621722846442
